year,pasture_area_ha
2016,67744449.46274504
2017,67992899.20563753
2018,68523026.76168238
2019,69372355.09697457
2020,70288792.20097077
2021,72036666.6917027
2022,74263039.74414097
2023,76584592.79161556
